
<?xml version="1.0" encoding="UTF-8" standalone="yes"?>
<addon id="repository.fraila" name="Fraila official Repo" version="1.1.0" provider-name="efraila">
	<extension point="xbmc.addon.repository" name="Fraila official Repo">
		<info compressed="false">https://raw.githubusercontent.com/efraila/fraiRepo/master/addons.xml</info>
		<checksum>https://raw.githubusercontent.com/efraila/fraiRepo/master/addons.xml.md5</checksum>
		<datadir zip="true">https://raw.githubusercontent.com/efraila/fraiRepo/master</datadir>
	</extension>
	<extension point="xbmc.addon.metadata">
		<summary>Fraila official Repo</summary>
   		<description lang="en">Instala los Addons de Fraila, canales y videos en castellano.</description>
		<disclaimer></disclaimer>
		<platform>all</platform>
	</extension>
</addon>